secID,ticker,exchangeCD,secShortName,secShortNameEN,tradeDate,contractObject,contractMark,preSettlePrice,preClosePrice,openPrice,highestPrice,lowestPrice,settlePrice,closePrice,turnoverVol,turnoverValue,openInt,chg,chg1,chgPct,mainCon,smainCon,hh,lc,hc,ll,accstd,upbound,lowbound,signal,mkt_val1,mkt_val2,max_drawdown,pos,trans,risk_ratio
P2109.XDCE,p2109,XDCE,连棕油2109,RBD Palm Olein 2109,2021-05-17,P,L4,8170,8158,8190,8428,8026,8220,8086,1069353,87910487380,379291,-84,50,-0.01028152,1,0,8428.0,6716.0,8376.0,6630.0,463.81234932310207,8507.2,7808.8,-1,100000.0,100000.0,0.0,0,0,0.0
P2109.XDCE,p2109,XDCE,连棕油2109,RBD Palm Olein 2109,2021-05-18,P,L4,8220,8086,8100,8324,8050,8188,8268,772535,63270021620,382806,48,-32,0.00583942,1,0,8428.0,6716.0,8376.0,6630.0,484.81726930399714,8435.2,7736.8,-1,100000.0,100000.0,0.0,0,0,0.0
P2109.XDCE,p2109,XDCE,连棕油2109,RBD Palm Olein 2109,2021-05-19,P,L4,8188,8268,8368,8372,8076,8202,8142,903637,74129824460,383130,-46,14,-0.00561798,1,0,8428.0,6716.0,8376.0,6630.0,499.59284961317775,8617.2,7918.8,-1,100000.0,100000.0,0.0,0,0,0.0
P2109.XDCE,p2109,XDCE,连棕油2109,RBD Palm Olein 2109,2021-05-20,P,L3,8202,8142,8000,8116,7822,7950,8102,900681,71605185700,378737,-100,-252,-0.01219215,1,0,8428.0,6716.0,8376.0,6630.0,515.910839046975,8491.2,7792.8,-1,100000.0,100000.0,0.0,0,0,0.0
P2109.XDCE,p2109,XDCE,连棕油2109,RBD Palm Olein 2109,2021-05-21,P,L3,7950,8102,7902,7934,7640,7804,7650,1155448,90176523000,346833,-300,-146,-0.03773585,1,0,8428.0,6716.0,8376.0,6630.0,505.78163728568126,8451.2,7752.8,-1,100000.0,100000.0,0.0,0,0,0.0
P2109.XDCE,p2109,XDCE,连棕油2109,RBD Palm Olein 2109,2021-05-24,P,L3,7804,7650,7620,7694,7424,7590,7568,939970,71350972060,343496,-236,-214,-0.0302409,1,0,8428.0,6774.0,8376.0,6630.0,480.88551652134396,7999.2,7300.8,-1,100000.0,100000.0,0.0,0,0,0.0
P2109.XDCE,p2109,XDCE,连棕油2109,RBD Palm Olein 2109,2021-05-25,P,L3,7590,7568,7560,7696,7556,7622,7626,745130,56800059840,345759,36,32,0.00474308,1,0,8428.0,6822.0,8376.0,6754.0,443.32614838982107,7892.4,7243.6,-1,100000.0,100000.0,0.0,0,0,0.0
P2109.XDCE,p2109,XDCE,连棕油2109,RBD Palm Olein 2109,2021-05-26,P,L3,7622,7626,7626,7756,7484,7648,7710,867575,66361642840,345612,88,26,0.01154553,1,0,8428.0,6916.0,8376.0,6772.0,408.25916354122955,7946.8,7305.2,-1,100000.0,100000.0,0.0,0,0,0.0
P2109.XDCE,p2109,XDCE,连棕油2109,RBD Palm Olein 2109,2021-05-27,P,L3,7648,7710,7660,7696,7450,7572,7464,916858,69434246620,346223,-184,-76,-0.02405858,1,0,8428.0,7080.0,8376.0,6898.0,372.9644404580062,8005.6,7414.4,-1,100000.0,100000.0,0.0,0,0,0.0
P2109.XDCE,p2109,XDCE,连棕油2109,RBD Palm Olein 2109,2021-05-28,P,L3,7572,7464,7500,7748,7490,7638,7634,836979,63935149660,353271,62,66,0.00818806,1,0,8428.0,7080.0,8376.0,7044.0,347.4898913858998,7733.6,7194.4,-1,100000.0,100000.0,0.0,0,0,0.0
P2109.XDCE,p2109,XDCE,连棕油2109,RBD Palm Olein 2109,2021-05-31,P,L3,7638,7634,7590,7754,7478,7586,7546,1007232,76408850660,364103,-92,-52,-0.01204504,1,0,8428.0,7226.0,8376.0,7054.0,323.02634329345074,7898.4,7369.6,-1,100000.0,100000.0,0.0,0,0,0.0
P2109.XDCE,p2109,XDCE,连棕油2109,RBD Palm Olein 2109,2021-06-01,P,L3,7586,7546,7546,7632,7492,7566,7590,697525,52779449840,361674,4,-20,0.00052729,1,0,8428.0,7374.0,8376.0,7254.0,297.85274627160703,7770.4,7321.6,-1,100000.0,100000.0,0.0,0,0,0.0
P2109.XDCE,p2109,XDCE,连棕油2109,RBD Palm Olein 2109,2021-06-02,P,L3,7566,7590,7604,7814,7574,7680,7808,905813,69569581580,380633,242,114,0.0319852,1,0,8428.0,7374.0,8376.0,7260.0,287.4188259986833,7813.2,7366.8,-1,100000.0,100000.0,0.0,0,0,0.0
P2109.XDCE,p2109,XDCE,连棕油2109,RBD Palm Olein 2109,2021-06-03,P,L3,7680,7808,7860,8176,7860,8028,8134,924391,74219350680,402721,454,348,0.05911458,1,0,8428.0,7374.0,8376.0,7260.0,282.1766931442886,8031.2,7584.8,-1,100000.0,100000.0,0.0,0,0,0.0
P2109.XDCE,p2109,XDCE,连棕油2109,RBD Palm Olein 2109,2021-06-04,P,L3,8028,8134,8100,8128,7920,8006,7942,824400,66002855940,392987,-86,-22,-0.01071251,1,0,8428.0,7374.0,8376.0,7260.0,282.925899513255,8357.2,7910.8,-1,100000.0,100000.0,0.0,0,0,0.0
P2109.XDCE,p2109,XDCE,连棕油2109,RBD Palm Olein 2109,2021-06-07,P,L3,8006,7942,8026,8180,7910,8020,7964,819156,65711072740,386765,-42,14,-0.00524607,1,0,8428.0,7406.0,8376.0,7260.0,279.23729087531353,8165.2,7718.8,-1,100000.0,100000.0,0.0,0,0,0.0
P2109.XDCE,p2109,XDCE,连棕油2109,RBD Palm Olein 2109,2021-06-08,P,L3,8020,7964,7964,8006,7642,7822,7656,924718,72333212800,387904,-364,-198,-0.04538653,1,0,8428.0,7406.0,8376.0,7320.0,267.73908079437194,8175.2,7752.8,-1,100000.0,100000.0,0.0,0,0,0.0
P2109.XDCE,p2109,XDCE,连棕油2109,RBD Palm Olein 2109,2021-06-09,P,L3,7822,7656,7692,7842,7642,7754,7664,821400,63698019100,376234,-158,-68,-0.02019944,1,0,8428.0,7410.0,8376.0,7344.0,255.2465474790989,7862.4,7449.6,-1,100000.0,100000.0,0.0,0,0,0.0
P2109.XDCE,p2109,XDCE,连棕油2109,RBD Palm Olein 2109,2021-06-10,P,L3,7754,7664,7580,7746,7540,7620,7690,882205,67226085420,368241,-64,-134,-0.0082538,1,0,8428.0,7410.0,8376.0,7344.0,246.9537234755966,7870.4,7457.6,-1,100000.0,100000.0,0.0,0,0,0.0
P2109.XDCE,p2109,XDCE,连棕油2109,RBD Palm Olein 2109,2021-06-11,P,L3,7620,7690,7608,7672,7410,7530,7432,972714,73246098300,394309,-188,-90,-0.02467192,1,0,8428.0,7464.0,8376.0,7424.0,238.57329788041736,7882.8,7497.2,-1,100000.0,100000.0,0.0,0,0,0.0
P2109.XDCE,p2109,XDCE,连棕油2109,RBD Palm Olein 2109,2021-06-15,P,L3,7530,7432,6958,7100,6928,6990,7052,797295,55746714640,409158,-478,-540,-0.06347942,1,0,8428.0,7432.0,8376.0,7410.0,248.15222375357843,7631.2,7232.8,5,97112.5,98972.5,0.028875,-3,3,0.23752863946453856
P2109.XDCE,p2109,XDCE,连棕油2109,RBD Palm Olein 2109,2021-06-16,P,L2,6990,7052,7100,7160,6858,7014,6882,921041,64607361600,422461,-108,24,-0.01545064,1,0,8428.0,7052.0,8376.0,6928.0,300.9886069911309,7341.6,6762.4,-1,96385.0,98965.4635192,0.03615,-3,0,0.2401431758053639
P2109.XDCE,p2109,XDCE,连棕油2109,RBD Palm Olein 2109,2021-06-17,P,L2,7014,6882,6886,6984,6728,6890,6918,996902,68693065360,415070,-96,-124,-0.01368691,1,0,8428.0,6882.0,8376.0,6858.0,338.4602692283893,7191.2,6572.8,-1,100097.5,98958.3741265,0.0,-3,0,0.22714853018307152
P2109.XDCE,p2109,XDCE,连棕油2109,RBD Palm Olein 2109,2021-06-18,P,L2,6890,6918,6740,6888,6606,6742,6694,1193964,80500657680,417284,-196,-148,-0.02844702,1,0,8428.0,6882.0,8376.0,6728.0,379.8326190067651,7247.6,6588.4,-1,104530.0,98951.7275371,0.0,-3,0,0.2128441595714149
P2109.XDCE,p2109,XDCE,连棕油2109,RBD Palm Olein 2109,2021-06-21,P,L2,6742,6694,6816,6942,6734,6804,6816,1167513,79458935020,411464,74,62,0.01097597,1,0,8428.0,6694.0,8376.0,6606.0,418.2540118893523,7048.0,6340.0,-1,100802.5,96664.2275371,0.035659619248062754,0,-3,0.0
P2109.XDCE,p2109,XDCE,连棕油2109,RBD Palm Olein 2109,2021-06-22,P,L2,6804,6816,6802,7036,6784,6884,6922,959498,66063899580,408779,118,80,0.01734274,1,0,8428.0,6694.0,8268.0,6606.0,435.59789502917266,7162.8,6469.2,-1,100802.5,96664.2275371,0.035659619248062754,0,0,0.0
P2109.XDCE,p2109,XDCE,连棕油2109,RBD Palm Olein 2109,2021-06-23,P,L2,6884,6922,6902,7116,6872,6978,6984,928508,64804901340,402286,100,94,0.01452644,1,0,8428.0,6694.0,8268.0,6606.0,445.970823467876,7268.8,6575.2,-1,100802.5,96664.2275371,0.035659619248062754,0,0,0.0
P2109.XDCE,p2109,XDCE,连棕油2109,RBD Palm Olein 2109,2021-06-24,P,L2,6978,6984,6968,7038,6842,6936,6860,985548,68369791040,409145,-118,-42,-0.01691029,1,0,8372.0,6694.0,8268.0,6606.0,442.4219774760814,7319.6,6648.4,-1,100802.5,96664.2275371,0.035659619248062754,0,0,0.0
P2109.XDCE,p2109,XDCE,连棕油2109,RBD Palm Olein 2109,2021-06-25,P,L2,6936,6860,6840,7056,6810,6934,7018,970885,67322090140,390904,82,-2,0.01182238,1,0,8372.0,6694.0,8142.0,6606.0,437.5627322057773,7195.6,6524.4,-1,100802.5,96664.2275371,0.035659619248062754,0,0,0.0
P2109.XDCE,p2109,XDCE,连棕油2109,RBD Palm Olein 2109,2021-06-28,P,L2,6934,7018,7040,7080,6782,6932,7068,1137642,78875816820,395741,134,-2,0.01932506,1,0,8180.0,6694.0,8134.0,6606.0,426.1523887784024,7323.6,6712.4,-1,100802.5,96664.2275371,0.035659619248062754,0,0,0.0
P2109.XDCE,p2109,XDCE,连棕油2109,RBD Palm Olein 2109,2021-06-29,P,L2,6932,7068,7068,7124,6932,7042,7034,940251,66220244460,378310,102,110,0.01471437,1,0,8180.0,6694.0,8134.0,6606.0,424.8014848590594,7373.6,6762.4,-1,100802.5,96664.2275371,0.035659619248062754,0,0,0.0
P2109.XDCE,p2109,XDCE,连棕油2109,RBD Palm Olein 2109,2021-06-30,P,L2,7042,7034,7144,7232,7108,7176,7230,880665,63207217560,383139,188,134,0.02669696,1,0,8180.0,6694.0,8134.0,6606.0,422.6185040908647,7339.6,6728.4,-1,100802.5,96664.2275371,0.035659619248062754,0,0,0.0
P2109.XDCE,p2109,XDCE,连棕油2109,RBD Palm Olein 2109,2021-07-01,P,L2,7176,7230,7190,7492,7176,7344,7480,1016385,74660462340,406977,304,168,0.04236343,1,0,8180.0,6694.0,8134.0,6606.0,422.11031004484374,7535.6,6924.4,-1,100802.5,96664.2275371,0.035659619248062754,0,0,0.0
P2109.XDCE,p2109,XDCE,连棕油2109,RBD Palm Olein 2109,2021-07-02,P,L2,7344,7480,7568,7608,7444,7526,7608,922988,69479165880,415784,264,182,0.03594771,1,0,8180.0,6694.0,8134.0,6606.0,418.7706844489552,7785.6,7174.4,-1,100802.5,96664.2275371,0.035659619248062754,0,0,0.0
P2109.XDCE,p2109,XDCE,连棕油2109,RBD Palm Olein 2109,2021-07-05,P,L2,7526,7608,7636,7700,7526,7606,7612,908934,69140122480,412021,86,80,0.01142705,1,0,8180.0,6694.0,8134.0,6606.0,415.9884391884729,7913.6,7302.4,-1,100802.5,96664.2275371,0.035659619248062754,0,0,0.0
P2109.XDCE,p2109,XDCE,连棕油2109,RBD Palm Olein 2109,2021-07-06,P,L2,7606,7612,7612,7782,7610,7710,7746,828171,63856161620,421973,140,104,0.01840652,1,0,8180.0,6694.0,8134.0,6606.0,416.7777345300493,7917.6,7306.4,-1,100802.5,96664.2275371,0.035659619248062754,0,0,0.0
P2109.XDCE,p2109,XDCE,连棕油2109,RBD Palm Olein 2109,2021-07-07,P,L2,7710,7746,7700,7704,7490,7596,7598,1164231,88450727440,407022,-112,-114,-0.01452659,1,0,8180.0,6694.0,8134.0,6606.0,419.01487397869886,8051.6,7440.4,-1,100802.5,96664.2275371,0.035659619248062754,0,0,0.0
P2109.XDCE,p2109,XDCE,连棕油2109,RBD Palm Olein 2109,2021-07-08,P,L2,7596,7598,7550,7642,7450,7552,7610,952690,71954252320,405692,14,-44,0.00184308,1,0,8180.0,6694.0,8134.0,6606.0,419.2439568850285,7903.6,7292.4,-1,100802.5,96664.2275371,0.035659619248062754,0,0,0.0
P2109.XDCE,p2109,XDCE,连棕油2109,RBD Palm Olein 2109,2021-07-09,P,L2,7552,7610,7550,7820,7528,7652,7814,1024499,78413069400,440939,262,100,0.0346928,1,0,8180.0,6694.0,8134.0,6606.0,418.9658770757428,7915.6,7304.4,-1,100802.5,96664.2275371,0.035659619248062754,0,0,0.0
P2109.XDCE,p2109,XDCE,连棕油2109,RBD Palm Olein 2109,2021-07-12,P,L2,7652,7814,7814,7942,7758,7834,7770,826437,64749529580,416018,118,182,0.01542081,1,0,8180.0,6694.0,8134.0,6606.0,418.1204831882058,8119.6,7508.4,-1,100802.5,96664.2275371,0.035659619248062754,0,0,0.0
P2109.XDCE,p2109,XDCE,连棕油2109,RBD Palm Olein 2109,2021-07-13,P,L2,7834,7770,7746,7898,7744,7810,7802,727366,56812794160,414074,-32,-24,-0.00408476,1,0,8180.0,6694.0,7964.0,6606.0,407.11491479206956,8067.2,7472.8,-1,100802.5,96664.2275371,0.035659619248062754,0,0,0.0
P2109.XDCE,p2109,XDCE,连棕油2109,RBD Palm Olein 2109,2021-07-14,P,L2,7810,7802,7856,7916,7712,7820,7890,919460,71915421580,416654,80,10,0.01024328,1,0,8180.0,6694.0,7964.0,6606.0,395.9921444442285,8099.2,7504.8,-1,100802.5,96664.2275371,0.035659619248062754,0,0,0.0
P2109.XDCE,p2109,XDCE,连棕油2109,RBD Palm Olein 2109,2021-07-15,P,L1,7820,7890,7888,8022,7772,7910,7970,892734,70630406000,428584,150,90,0.01918159,1,0,8006.0,6694.0,7890.0,6606.0,383.902142979973,8152.4,7627.6,-1,100802.5,96664.2275371,0.035659619248062754,0,0,0.0
P2109.XDCE,p2109,XDCE,连棕油2109,RBD Palm Olein 2109,2021-07-16,P,L1,7910,7970,8030,8142,7958,8040,8054,917860,73814289080,431383,144,130,0.0182048,1,0,8022.0,6694.0,7970.0,6606.0,388.79889996678855,8242.8,7697.2,-1,100802.5,96664.2275371,0.035659619248062754,0,0,0.0
P2109.XDCE,p2109,XDCE,连棕油2109,RBD Palm Olein 2109,2021-07-19,P,L1,8040,8054,8110,8298,8094,8190,8118,856878,70181574160,419442,78,150,0.00970149,1,0,8142.0,6694.0,8054.0,6606.0,404.9770667771014,8343.6,7764.4,-1,100802.5,96664.2275371,0.035659619248062754,0,0,0.0
P2109.XDCE,p2109,XDCE,连棕油2109,RBD Palm Olein 2109,2021-07-20,P,L1,8190,8118,8052,8256,7964,8084,8208,860331,69552580120,423194,18,-106,0.0021978,1,0,8298.0,6694.0,8118.0,6606.0,434.98787958357593,8438.8,7797.2,-1,100802.5,96664.2275371,0.035659619248062754,0,0,0.0
P2109.XDCE,p2109,XDCE,连棕油2109,RBD Palm Olein 2109,2021-07-21,P,L1,8084,8208,8208,8242,7994,8132,8084,810324,65901064800,397621,0,48,0.0,1,0,8298.0,6694.0,8208.0,6606.0,456.52331644893957,8528.8,7887.2,-1,100802.5,96664.2275371,0.035659619248062754,0,0,0.0
P2109.XDCE,p2109,XDCE,连棕油2109,RBD Palm Olein 2109,2021-07-22,P,L1,8132,8084,8098,8152,8004,8076,8106,820595,66287278740,403606,-26,-56,-0.00319725,1,0,8298.0,6694.0,8208.0,6606.0,471.73688233362276,8404.8,7763.2,-1,100802.5,96664.2275371,0.035659619248062754,0,0,0.0
P2109.XDCE,p2109,XDCE,连棕油2109,RBD Palm Olein 2109,2021-07-23,P,L1,8076,8106,8068,8344,8032,8184,8326,1040716,85182787460,444414,250,108,0.03095592,1,0,8298.0,6694.0,8208.0,6606.0,480.3209183612396,8426.8,7785.2,-1,100802.5,96664.2275371,0.035659619248062754,0,0,0.0
P2109.XDCE,p2109,XDCE,连棕油2109,RBD Palm Olein 2109,2021-07-26,P,L1,8184,8326,8348,8408,8186,8304,8366,866563,71966419740,436441,182,120,0.02223851,1,0,8344.0,6694.0,8326.0,6606.0,484.9201996205147,8670.0,7982.0,-1,100802.5,96664.2275371,0.035659619248062754,0,0,0.0
P2109.XDCE,p2109,XDCE,连棕油2109,RBD Palm Olein 2109,2021-07-27,P,L1,8304,8366,8430,8596,8386,8496,8536,800295,67998709840,441271,232,192,0.02793834,1,0,8408.0,6816.0,8366.0,6734.0,481.5535628008098,8692.4,8039.6,-1,100802.5,96664.2275371,0.035659619248062754,0,0,0.0
P2109.XDCE,p2109,XDCE,连棕油2109,RBD Palm Olein 2109,2021-07-28,P,L1,8496,8536,8542,8572,8390,8508,8408,721072,61362273160,413673,-88,12,-0.01035782,1,0,8596.0,6860.0,8536.0,6782.0,486.9184483921458,8886.8,8185.2,-1,100802.5,96664.2275371,0.035659619248062754,0,0,0.0
P2109.XDCE,p2109,XDCE,连棕油2109,RBD Palm Olein 2109,2021-07-29,P,L1,8508,8408,8382,8512,8350,8428,8496,744642,62762955460,401806,-12,-80,-0.00141044,1,0,8596.0,6860.0,8536.0,6782.0,489.66103189231364,8758.8,8057.2,-1,100802.5,96664.2275371,0.035659619248062754,0,0,0.0
P2109.XDCE,p2109,XDCE,连棕油2109,RBD Palm Olein 2109,2021-07-30,P,L1,8428,8496,8550,8608,8432,8508,8604,940798,80045990540,399751,176,80,0.02088277,1,0,8596.0,6860.0,8536.0,6782.0,485.9155545502174,8846.8,8145.2,-1,100802.5,96664.2275371,0.035659619248062754,0,0,0.0
P2109.XDCE,p2109,XDCE,连棕油2109,RBD Palm Olein 2109,2021-08-02,P,L1,8508,8604,8514,8582,8150,8346,8150,1102472,92020862720,351102,-358,-162,-0.04207804,1,0,8608.0,7018.0,8604.0,6782.0,476.6899782716377,8968.4,8239.6,-1,100802.5,96664.2275371,0.035659619248062754,0,0,0.0
P2109.XDCE,p2109,XDCE,连棕油2109,RBD Palm Olein 2109,2021-08-03,P,L1,8346,8150,8122,8262,8016,8126,8188,901951,73296150680,315872,-158,-220,-0.01893122,1,0,8608.0,7034.0,8604.0,6782.0,451.1227497972302,8514.4,7785.6,-1,100802.5,96664.2275371,0.035659619248062754,0,0,0.0
P2109.XDCE,p2109,XDCE,连棕油2109,RBD Palm Olein 2109,2021-08-04,P,L1,8126,8188,8106,8456,8106,8264,8422,804762,66516895620,328525,296,138,0.03642629,1,0,8608.0,7034.0,8604.0,6932.0,409.95462413071135,8522.4,7853.6,-1,100802.5,96664.2275371,0.035659619248062754,0,0,0.0
P2109.XDCE,p2109,XDCE,连棕油2109,RBD Palm Olein 2109,2021-08-05,P,L1,8264,8422,8400,8522,8352,8430,8426,740129,62405871600,317024,162,166,0.0196031,1,0,8608.0,7230.0,8604.0,7108.0,373.3131578797521,8721.2,8122.8,-1,100802.5,96664.2275371,0.035659619248062754,0,0,0.0
P2109.XDCE,p2109,XDCE,连棕油2109,RBD Palm Olein 2109,2021-08-06,P,L1,8430,8426,8400,8534,8356,8424,8486,758218,63877282380,313696,56,-6,0.00664294,1,0,8608.0,7480.0,8604.0,7176.0,346.6731912600978,8711.6,8140.4,-1,100802.5,96664.2275371,0.035659619248062754,0,0,0.0
P2109.XDCE,p2109,XDCE,连棕油2109,RBD Palm Olein 2109,2021-08-09,P,L1,8424,8486,8530,8690,8432,8550,8530,832904,71216815500,298456,106,126,0.0125831,1,0,8608.0,7598.0,8604.0,7444.0,326.7776849550993,8718.0,8254.0,-1,100802.5,96664.2275371,0.035659619248062754,0,0,0.0
P2109.XDCE,p2109,XDCE,连棕油2109,RBD Palm Olein 2109,2021-08-10,P,L1,8550,8530,8398,8682,8384,8558,8660,683942,58534919940,301366,110,8,0.0128655,1,0,8690.0,7598.0,8604.0,7450.0,321.5288861290433,8760.8,8299.2,-1,100802.5,96664.2275371,0.035659619248062754,0,0,0.0
P2109.XDCE,p2109,XDCE,连棕油2109,RBD Palm Olein 2109,2021-08-11,P,L1,8558,8660,8664,8998,8616,8784,8994,822180,72230211280,299626,436,226,0.05094648,1,0,8690.0,7598.0,8660.0,7450.0,317.2920033417389,8902.0,8418.0,-1,100802.5,96664.2275371,0.035659619248062754,0,0,0.0
P2109.XDCE,p2109,XDCE,连棕油2109,RBD Palm Olein 2109,2021-08-12,P,L1,8784,8994,9000,9078,8964,9014,9004,717305,64668511000,274401,220,230,0.02504554,1,0,8998.0,7598.0,8994.0,7450.0,329.3174386281632,9302.8,8685.2,-1,100802.5,96664.2275371,0.035659619248062754,0,0,0.0
P2109.XDCE,p2109,XDCE,连棕油2109,RBD Palm Olein 2109,2021-08-13,P,L1,9014,9004,8990,9080,8846,8960,8908,657103,58888345820,238753,-106,-54,-0.01175949,1,0,9078.0,7610.0,9004.0,7450.0,346.20719452151803,9314.8,8693.2,-1,100802.5,96664.2275371,0.035659619248062754,0,0,0.0
P2201.XDCE,p2201,XDCE,连棕油2201,RBD Palm Olein 2201,2021-08-16,P,L4,8168,8172,8230,8488,8216,8380,8298,636472,53338138080,324233,130,212,0.01591577,1,0,9080.0,7770.0,9004.0,7528.0,345.75641047508316,8467.2,7876.8,-1,100802.5,96664.2275371,0.035659619248062754,0,0,0.0
P2201.XDCE,p2201,XDCE,连棕油2201,RBD Palm Olein 2201,2021-08-17,P,L4,8380,8298,8336,8522,8290,8420,8418,571011,48083830700,364039,38,40,0.00453461,1,0,9080.0,7770.0,9004.0,7712.0,320.96151698391236,8560.0,8036.0,-1,100802.5,96664.2275371,0.035659619248062754,0,0,0.0
P2201.XDCE,p2201,XDCE,连棕油2201,RBD Palm Olein 2201,2021-08-18,P,L4,8420,8418,8360,8404,8082,8236,8166,1047424,86270078200,330692,-254,-184,-0.03016627,1,0,9080.0,7802.0,9004.0,7712.0,306.15134517725886,8676.4,8159.6,-1,100802.5,96664.2275371,0.035659619248062754,0,0,0.0
P2201.XDCE,p2201,XDCE,连棕油2201,RBD Palm Olein 2201,2021-08-19,P,L4,8236,8166,8148,8262,8032,8158,8172,843896,68847029340,343887,-64,-78,-0.00777076,1,0,9080.0,7890.0,9004.0,7712.0,287.69654953680543,8424.4,7907.6,-1,100802.5,96664.2275371,0.035659619248062754,0,0,0.0
P2201.XDCE,p2201,XDCE,连棕油2201,RBD Palm Olein 2201,2021-08-20,P,L4,8158,8172,8110,8146,7932,8034,8060,904298,72665697460,332361,-98,-124,-0.01201275,1,0,9080.0,7970.0,9004.0,7772.0,269.7354715557143,8418.4,7925.6,-1,100802.5,96664.2275371,0.035659619248062754,0,0,0.0
P2201.XDCE,p2201,XDCE,连棕油2201,RBD Palm Olein 2201,2021-08-23,P,L4,8034,8060,8018,8158,7836,8018,8084,1093667,87698328720,350516,50,-16,0.00622355,1,0,9080.0,8054.0,9004.0,7932.0,262.3497254840138,8274.4,7845.6,-1,100802.5,96664.2275371,0.035659619248062754,0,0,0.0
P2201.XDCE,p2201,XDCE,连棕油2201,RBD Palm Olein 2201,2021-08-24,P,L4,8018,8084,8170,8196,8022,8096,8168,890080,72064445080,352727,150,78,0.01870791,1,0,9080.0,8060.0,9004.0,7836.0,263.4914449056373,8317.6,7850.4,-1,100802.5,96664.2275371,0.035659619248062754,0,0,0.0
P2201.XDCE,p2201,XDCE,连棕油2201,RBD Palm Olein 2201,2021-08-25,P,L4,8096,8168,8168,8314,8150,8230,8290,822133,67672014020,369296,194,134,0.02396245,1,0,9080.0,8060.0,9004.0,7836.0,266.6812213976695,8401.6,7934.4,-1,100802.5,96664.2275371,0.035659619248062754,0,0,0.0
P2201.XDCE,p2201,XDCE,连棕油2201,RBD Palm Olein 2201,2021-08-26,P,L4,8230,8290,8292,8446,8216,8340,8258,880942,73474945860,374087,28,110,0.00340219,1,0,9080.0,8060.0,9004.0,7836.0,262.00011743978376,8523.6,8056.4,-1,100802.5,96664.2275371,0.035659619248062754,0,0,0.0
P2201.XDCE,p2201,XDCE,连棕油2201,RBD Palm Olein 2201,2021-08-27,P,L4,8340,8258,8278,8346,8122,8260,8266,999073,82529104980,393596,-74,-80,-0.0088729,1,0,9080.0,8060.0,9004.0,7836.0,257.5258851813939,8491.6,8024.4,-1,100802.5,96664.2275371,0.035659619248062754,0,0,0.0
P2201.XDCE,p2201,XDCE,连棕油2201,RBD Palm Olein 2201,2021-08-30,P,L4,8260,8266,8252,8424,8186,8282,8206,943638,78167118640,390139,-54,22,-0.00653753,1,0,9080.0,8060.0,9004.0,7836.0,251.29939238960276,8499.6,8032.4,-1,100802.5,96664.2275371,0.035659619248062754,0,0,0.0
P2201.XDCE,p2201,XDCE,连棕油2201,RBD Palm Olein 2201,2021-08-31,P,L4,8282,8206,8174,8326,8134,8240,8306,767937,63285552140,388221,24,-42,0.00289785,1,0,9080.0,8060.0,9004.0,7836.0,248.85951551334617,8439.6,7972.4,-1,100802.5,96664.2275371,0.035659619248062754,0,0,0.0
P2201.XDCE,p2201,XDCE,连棕油2201,RBD Palm Olein 2201,2021-09-01,P,L4,8240,8306,8246,8282,8040,8134,8054,897153,72979138020,374272,-186,-106,-0.02257282,1,0,9080.0,8060.0,9004.0,7836.0,250.06333966847836,8539.6,8072.4,-1,100802.5,96664.2275371,0.035659619248062754,0,0,0.0
P2201.XDCE,p2201,XDCE,连棕油2201,RBD Palm Olein 2201,2021-09-02,P,L4,8134,8054,8026,8092,7962,8030,8016,772998,62081895920,372119,-118,-104,-0.01450701,1,0,9080.0,8054.0,9004.0,7836.0,253.86290667329544,8287.6,7820.4,-1,100802.5,96664.2275371,0.035659619248062754,0,0,0.0
P2201.XDCE,p2201,XDCE,连棕油2201,RBD Palm Olein 2201,2021-09-03,P,L4,8030,8016,8072,8384,8020,8186,8318,1045524,85602441860,389729,288,156,0.0358655,1,0,9080.0,8016.0,9004.0,7836.0,260.99031517545535,8249.6,7782.4,-1,100802.5,96664.2275371,0.035659619248062754,0,0,0.0
P2201.XDCE,p2201,XDCE,连棕油2201,RBD Palm Olein 2201,2021-09-06,P,L4,8186,8318,8318,8392,8252,8320,8350,740375,61608763260,381755,164,134,0.0200342,1,0,9080.0,8016.0,9004.0,7836.0,262.62143564746833,8551.6,8084.4,-1,100802.5,96664.2275371,0.035659619248062754,0,0,0.0
P2201.XDCE,p2201,XDCE,连棕油2201,RBD Palm Olein 2201,2021-09-07,P,L4,8320,8350,8326,8474,8284,8358,8392,821121,68639283500,385276,72,38,0.00865385,1,0,9080.0,8016.0,9004.0,7836.0,260.57602463654155,8583.6,8116.4,-1,100802.5,96664.2275371,0.035659619248062754,0,0,0.0
P2201.XDCE,p2201,XDCE,连棕油2201,RBD Palm Olein 2201,2021-09-08,P,L4,8358,8392,8426,8480,8268,8388,8442,889749,74636288720,412740,84,30,0.01005025,1,0,9080.0,8016.0,9004.0,7836.0,260.59912037161683,8625.6,8158.4,-1,100802.5,96664.2275371,0.035659619248062754,0,0,0.0
P2201.XDCE,p2201,XDCE,连棕油2201,RBD Palm Olein 2201,2021-09-09,P,L4,8388,8442,8522,8594,8332,8454,8488,1025139,86669099380,403634,100,66,0.01192179,1,0,9080.0,8016.0,9004.0,7836.0,257.04681405413976,8675.6,8208.4,-1,100802.5,96664.2275371,0.035659619248062754,0,0,0.0
P2201.XDCE,p2201,XDCE,连棕油2201,RBD Palm Olein 2201,2021-09-10,P,L4,8454,8488,8450,8522,8150,8344,8154,1241812,103632895960,395811,-300,-110,-0.03548616,1,0,9080.0,8016.0,9004.0,7836.0,257.21165184756455,8721.6,8254.4,-1,100802.5,96664.2275371,0.035659619248062754,0,0,0.0
P2201.XDCE,p2201,XDCE,连棕油2201,RBD Palm Olein 2201,2021-09-13,P,L4,8344,8154,8154,8346,8132,8254,8268,829633,68491298700,376929,-76,-90,-0.00910834,1,0,9080.0,8016.0,9004.0,7836.0,256.78898850103275,8387.6,7920.4,-1,100802.5,96664.2275371,0.035659619248062754,0,0,0.0
P2201.XDCE,p2201,XDCE,连棕油2201,RBD Palm Olein 2201,2021-09-14,P,L4,8254,8268,8280,8310,8158,8240,8278,788485,64978402300,378780,24,-14,0.00290768,1,0,9080.0,8016.0,9004.0,7836.0,257.0933383333444,8501.6,8034.4,-1,100802.5,96664.2275371,0.035659619248062754,0,0,0.0
P2201.XDCE,p2201,XDCE,连棕油2201,RBD Palm Olein 2201,2021-09-15,P,L3,8240,8278,8306,8454,8214,8338,8442,988141,82395575500,404779,202,98,0.02451456,1,0,9080.0,8016.0,9004.0,7836.0,254.48862752284302,8511.6,8044.4,-1,100802.5,96664.2275371,0.035659619248062754,0,0,0.0
P2201.XDCE,p2201,XDCE,连棕油2201,RBD Palm Olein 2201,2021-09-16,P,L3,8338,8442,8456,8652,8416,8524,8564,860190,73324575160,427741,226,186,0.02710482,1,0,9080.0,8016.0,9004.0,7836.0,250.4128898132325,8675.6,8208.4,-1,100802.5,96664.2275371,0.035659619248062754,0,0,0.0
P2201.XDCE,p2201,XDCE,连棕油2201,RBD Palm Olein 2201,2021-09-17,P,L3,8524,8564,8516,8566,8160,8352,8190,1080889,90290374800,374469,-334,-172,-0.03918348,1,0,9080.0,8016.0,9004.0,7836.0,236.2156120679031,8797.6,8330.4,-1,100802.5,96664.2275371,0.035659619248062754,0,0,0.0
P2201.XDCE,p2201,XDCE,连棕油2201,RBD Palm Olein 2201,2021-09-22,P,L3,8352,8190,8150,8390,8108,8268,8368,623892,51592579120,379099,16,-84,0.00191571,1,0,9080.0,8016.0,8908.0,7836.0,189.02932617412782,8404.4,7975.6,-1,100802.5,96664.2275371,0.035659619248062754,0,0,0.0
P2201.XDCE,p2201,XDCE,连棕油2201,RBD Palm Olein 2201,2021-09-23,P,L3,8268,8368,8392,8670,8330,8478,8664,935638,79339210240,446356,396,210,0.0478955,1,0,8652.0,8016.0,8564.0,7836.0,130.90219484555348,8513.6,8222.4,-1,100802.5,96664.2275371,0.035659619248062754,0,0,0.0
P2201.XDCE,p2201,XDCE,连棕油2201,RBD Palm Olein 2201,2021-09-24,P,L3,8478,8664,8666,8734,8524,8648,8706,821466,71043167700,474893,228,170,0.02689314,1,0,8670.0,8016.0,8664.0,7836.0,135.67674252257495,8829.6,8498.4,-1,100802.5,96664.2275371,0.035659619248062754,0,0,0.0
P2201.XDCE,p2201,XDCE,连棕油2201,RBD Palm Olein 2201,2021-09-27,P,L3,8648,8706,8682,8756,8566,8664,8580,907757,78648493720,457031,-68,16,-0.00786309,1,0,8734.0,8016.0,8706.0,7836.0,152.21767814041897,8880.0,8532.0,-1,100802.5,96664.2275371,0.035659619248062754,0,0,0.0
P2201.XDCE,p2201,XDCE,连棕油2201,RBD Palm Olein 2201,2021-09-28,P,L3,8664,8580,8580,8656,8408,8558,8650,818636,70063819620,437305,-14,-106,-0.00161588,1,0,8756.0,8016.0,8706.0,7836.0,169.7097068979358,8754.0,8406.0,-1,100802.5,96664.2275371,0.035659619248062754,0,0,0.0
P2201.XDCE,p2201,XDCE,连棕油2201,RBD Palm Olein 2201,2021-09-29,P,L3,8558,8650,8640,8688,8508,8602,8614,772558,66458434880,424144,56,44,0.00654358,1,0,8756.0,8016.0,8706.0,7836.0,174.9588962717074,8824.0,8476.0,-1,100802.5,96664.2275371,0.035659619248062754,0,0,0.0
P2201.XDCE,p2201,XDCE,连棕油2201,RBD Palm Olein 2201,2021-09-30,P,L3,8602,8614,8632,8910,8602,8780,8888,813786,71456024420,432045,286,178,0.03324808,1,0,8756.0,8016.0,8706.0,7836.0,174.68898076295108,8788.0,8440.0,-1,100802.5,96664.2275371,0.035659619248062754,0,0,0.0
P2201.XDCE,p2201,XDCE,连棕油2201,RBD Palm Olein 2201,2021-10-08,P,L3,8780,8888,9346,9436,9248,9350,9410,600513,56151179220,442179,630,570,0.07175399,1,0,8910.0,8016.0,8888.0,7962.0,183.76131676296893,9073.2,8702.8,4,102037.5,96699.2275371,0.023844829235626135,2,2,0.20159255175793214
P2201.XDCE,p2201,XDCE,连棕油2201,RBD Palm Olein 2201,2021-10-11,P,L3,9350,9410,9500,9662,9406,9500,9462,857933,81516111160,434727,112,150,0.01197861,1,0,9436.0,8016.0,9410.0,7962.0,260.25806128060094,9699.6,9120.4,-1,105032.5,96694.46710929999,0.0,2,0,0.19898602813414895
P2201.XDCE,p2201,XDCE,连棕油2201,RBD Palm Olein 2201,2021-10-12,P,L3,9500,9462,9450,9558,9276,9414,9390,738288,69504340420,424857,-110,-86,-0.01157895,1,0,9662.0,8016.0,9462.0,7962.0,334.1098115198722,9791.2,9132.8,-1,103307.5,96689.2355303,0.016423487968009902,2,0,0.2004772160782131
P2201.XDCE,p2201,XDCE,连棕油2201,RBD Palm Olein 2201,2021-10-13,P,L3,9414,9390,9350,9548,9092,9356,9484,1078022,100879527960,443887,70,-58,0.00743573,1,0,9662.0,8016.0,9462.0,7962.0,381.9792422874047,9719.2,9060.8,-1,102142.5,96684.3842449,0.02751529288553543,2,0,0.20151455075017746
P2201.XDCE,p2201,XDCE,连棕油2201,RBD Palm Olein 2201,2021-10-14,P,L3,9356,9484,9526,9608,9184,9348,9282,989920,92554658680,394928,-74,-8,-0.00790936,1,0,9662.0,8016.0,9484.0,7962.0,413.7393084837522,9813.2,9154.8,-1,101977.5,96679.2260577,0.02908623521291029,2,0,0.20166801500330955
P2201.XDCE,p2201,XDCE,连棕油2201,RBD Palm Olein 2201,2021-10-15,P,L3,9348,9282,9288,9442,9206,9326,9422,690253,64376591380,391299,74,-22,0.00791613,1,0,9662.0,8016.0,9484.0,7962.0,439.10342219642666,9611.2,8952.8,-1,101532.5,96674.38438029999,0.033323019065527336,2,0,0.2020751975968286
P2201.XDCE,p2201,XDCE,连棕油2201,RBD Palm Olein 2201,2021-10-18,P,L3,9326,9422,9470,9654,9338,9502,9598,1000094,95041066240,401845,272,176,0.02916577,1,0,9662.0,8016.0,9484.0,7962.0,456.5890999069556,9751.2,9092.8,-1,105047.5,96669.96769569999,0.0,2,0,0.1989995002260882
P2201.XDCE,p2201,XDCE,连棕油2201,RBD Palm Olein 2201,2021-10-19,P,L3,9502,9598,9556,9734,9488,9620,9716,850722,81842941020,411106,214,118,0.02252157,1,0,9662.0,8016.0,9598.0,7962.0,476.30656579075423,9927.2,9268.8,-1,107402.5,96665.41812709998,0.0,2,0,0.1970531412211075
P2201.XDCE,p2201,XDCE,连棕油2201,RBD Palm Olein 2201,2021-10-20,P,L3,9620,9716,9680,9848,9470,9648,9814,943228,91020330420,419810,194,28,0.02016632,1,0,9734.0,8154.0,9716.0,8020.0,491.83534455531293,10055.2,9376.8,-1,106637.5,97820.41812709998,0.007122739228602687,0,-2,0.0
P2201.XDCE,p2201,XDCE,连棕油2201,RBD Palm Olein 2201,2021-10-21,P,L3,9648,9814,9830,10106,9808,9982,9830,1009591,100784057460,408342,182,334,0.01886401,1,0,9848.0,8154.0,9814.0,8108.0,509.5306135590316,10155.2,9472.8,-1,106637.5,97820.41812709998,0.007122739228602687,0,0,0.0
P2201.XDCE,p2201,XDCE,连棕油2201,RBD Palm Olein 2201,2021-10-22,P,L2,9982,9830,9720,9792,9288,9530,9416,1294196,123350131120,337071,-566,-452,-0.05670206,1,0,10106.0,8154.0,9830.0,8108.0,550.3541573037631,10220.4,9439.6,-1,106637.5,97820.41812709998,0.007122739228602687,0,0,0.0
P2201.XDCE,p2201,XDCE,连棕油2201,RBD Palm Olein 2201,2021-10-25,P,L2,9530,9416,9470,9630,9362,9510,9580,875282,83244112960,348023,50,-20,0.00524659,1,0,10106.0,8154.0,9830.0,8108.0,555.7725489387209,9806.4,9025.6,-1,106637.5,97820.41812709998,0.007122739228602687,0,0,0.0
P2201.XDCE,p2201,XDCE,连棕油2201,RBD Palm Olein 2201,2021-10-26,P,L2,9510,9580,9602,9808,9544,9684,9702,929665,90045163100,358340,192,174,0.02018927,1,0,10106.0,8154.0,9830.0,8108.0,557.7722336360796,9970.4,9189.6,-1,106637.5,97820.41812709998,0.007122739228602687,0,0,0.0
P2201.XDCE,p2201,XDCE,连棕油2201,RBD Palm Olein 2201,2021-10-27,P,L2,9684,9702,9696,9736,9486,9632,9578,999548,96291524040,359575,-106,-52,-0.01094589,1,0,10106.0,8154.0,9830.0,8108.0,566.4876290318707,10092.4,9311.6,-1,106637.5,97820.41812709998,0.007122739228602687,0,0,0.0
P2201.XDCE,p2201,XDCE,连棕油2201,RBD Palm Olein 2201,2021-10-28,P,L2,9632,9578,9574,9580,9256,9440,9442,1312414,123893062300,338165,-190,-192,-0.01972591,1,0,10106.0,8190.0,9830.0,8108.0,563.766694789469,9961.2,9194.8,-1,106637.5,97820.41812709998,0.007122739228602687,0,0,0.0
P2201.XDCE,p2201,XDCE,连棕油2201,RBD Palm Olein 2201,2021-10-29,P,L2,9440,9442,9472,9774,9460,9600,9770,969922,93122457240,376715,330,160,0.03495763,1,0,10106.0,8190.0,9830.0,8108.0,545.0769712759663,9825.2,9058.8,-1,106637.5,97820.41812709998,0.007122739228602687,0,0,0.0
P2201.XDCE,p2201,XDCE,连棕油2201,RBD Palm Olein 2201,2021-11-01,P,L2,9600,9770,9748,9814,9568,9714,9574,997192,96884708940,384559,-26,114,-0.00270833,1,0,10106.0,8190.0,9830.0,8108.0,525.3188160170301,10153.2,9386.8,-1,106637.5,97820.41812709998,0.007122739228602687,0,0,0.0
P2201.XDCE,p2201,XDCE,连棕油2201,RBD Palm Olein 2201,2021-11-02,P,L2,9714,9574,9632,9778,9474,9670,9686,989931,95732032000,376250,-28,-44,-0.00288244,1,0,10106.0,8190.0,9830.0,8108.0,510.33183171494824,9957.2,9190.8,-1,106637.5,97820.41812709998,0.007122739228602687,0,0,0.0
P2201.XDCE,p2201,XDCE,连棕油2201,RBD Palm Olein 2201,2021-11-03,P,L2,9670,9686,9716,9966,9586,9760,9940,912863,89110301480,399013,270,90,0.02792141,1,0,10106.0,8190.0,9830.0,8108.0,499.5743172557355,10069.2,9302.8,-1,106637.5,97820.41812709998,0.007122739228602687,0,0,0.0
P2201.XDCE,p2201,XDCE,连棕油2201,RBD Palm Olein 2201,2021-11-04,P,L2,9760,9940,9932,9940,9494,9710,9514,928260,90137155680,350243,-246,-50,-0.02520492,1,0,10106.0,8368.0,9940.0,8108.0,475.47456455467454,10306.4,9573.6,-1,106637.5,97820.41812709998,0.007122739228602687,0,0,0.0
P2201.XDCE,p2201,XDCE,连棕油2201,RBD Palm Olein 2201,2021-11-05,P,L2,9710,9514,9610,9644,9340,9476,9476,934836,88588887200,348105,-234,-234,-0.02409887,1,0,10106.0,8580.0,9940.0,8330.0,433.5417573713186,9836.0,9192.0,-1,106637.5,97820.41812709998,0.007122739228602687,0,0,0.0
P2201.XDCE,p2201,XDCE,连棕油2201,RBD Palm Olein 2201,2021-11-08,P,L2,9476,9476,9430,9430,8740,9094,9238,1721731,156591967100,341108,-238,-382,-0.02511608,1,0,10106.0,8580.0,9940.0,8408.0,396.07203695986215,9782.4,9169.6,-1,106637.5,97820.41812709998,0.007122739228602687,0,0,0.0
P2201.XDCE,p2201,XDCE,连棕油2201,RBD Palm Olein 2201,2021-11-09,P,L2,9094,9238,9254,9284,8830,9044,8938,989018,89453540100,333463,-156,-50,-0.01715417,1,0,10106.0,8580.0,9940.0,8408.0,371.76377114836987,9544.4,8931.6,-1,106637.5,97820.41812709998,0.007122739228602687,0,0,0.0
P2201.XDCE,p2201,XDCE,连棕油2201,RBD Palm Olein 2201,2021-11-10,P,L2,9044,8938,8970,9294,8916,9074,9266,797502,72367558920,339438,222,30,0.02454666,1,0,10106.0,8614.0,9940.0,8408.0,348.28996761098006,9244.4,8631.6,-1,106637.5,97820.41812709998,0.007122739228602687,0,0,0.0
P2201.XDCE,p2201,XDCE,连棕油2201,RBD Palm Olein 2201,2021-11-11,P,L2,9074,9266,9290,9450,9226,9360,9358,786925,73659393440,326954,284,286,0.03129821,1,0,10106.0,8614.0,9940.0,8508.0,309.95853817020657,9564.4,8967.6,-1,106637.5,97820.41812709998,0.007122739228602687,0,0,0.0
P2201.XDCE,p2201,XDCE,连棕油2201,RBD Palm Olein 2201,2021-11-12,P,L2,9360,9358,9358,9516,9270,9418,9428,716182,67452231680,338086,68,58,0.00726496,1,0,10106.0,8888.0,9940.0,8602.0,259.8637749638408,9625.6,9090.4,-1,106637.5,97820.41812709998,0.007122739228602687,0,0,0.0
P2201.XDCE,p2201,XDCE,连棕油2201,RBD Palm Olein 2201,2021-11-15,P,L1,9418,9428,9394,9636,9324,9476,9458,791102,74971771720,336059,40,58,0.00424719,1,0,10106.0,8938.0,9940.0,8740.0,219.4437863887052,9668.0,9188.0,-1,106637.5,97820.41812709998,0.007122739228602687,0,0,0.0
P2201.XDCE,p2201,XDCE,连棕油2201,RBD Palm Olein 2201,2021-11-16,P,L1,9476,9458,9458,9696,9428,9552,9490,813457,77709988100,333763,14,76,0.00147742,1,0,10106.0,8938.0,9940.0,8740.0,217.592420682472,9698.0,9218.0,-1,106637.5,97820.41812709998,0.007122739228602687,0,0,0.0
P2201.XDCE,p2201,XDCE,连棕油2201,RBD Palm Olein 2201,2021-11-17,P,L1,9552,9490,9532,9690,9460,9574,9666,619192,59287030140,343456,114,22,0.01193467,1,0,10106.0,8938.0,9940.0,8740.0,217.8723973762117,9730.0,9250.0,-1,106637.5,97820.41812709998,0.007122739228602687,0,0,0.0
P2201.XDCE,p2201,XDCE,连棕油2201,RBD Palm Olein 2201,2021-11-18,P,L1,9574,9666,9700,9788,9596,9690,9750,781387,75725463620,337166,176,116,0.01838312,1,0,10106.0,8938.0,9940.0,8740.0,217.67346045076738,9906.0,9426.0,-1,106637.5,97820.41812709998,0.007122739228602687,0,0,0.0
P2201.XDCE,p2201,XDCE,连棕油2201,RBD Palm Olein 2201,2021-11-19,P,L1,9690,9750,9800,9982,9762,9842,9978,771036,75886672320,367293,288,152,0.02972136,1,0,10106.0,8938.0,9940.0,8740.0,218.45343105215375,9990.0,9510.0,-1,106637.5,97820.41812709998,0.007122739228602687,0,0,0.0
P2201.XDCE,p2201,XDCE,连棕油2201,RBD Palm Olein 2201,2021-11-22,P,L1,9842,9978,9880,10018,9654,9818,9692,1101556,108155719320,325865,-150,-24,-0.0152408,1,0,10106.0,8938.0,9978.0,8740.0,224.59114305434724,10225.6,9730.4,-1,106637.5,97820.41812709998,0.007122739228602687,0,0,0.0
P2201.XDCE,p2201,XDCE,连棕油2201,RBD Palm Olein 2201,2021-11-23,P,L1,9818,9692,9730,9932,9512,9730,9520,956823,93107474580,318677,-298,-88,-0.03035241,1,0,10106.0,8938.0,9978.0,8740.0,226.93136881851103,9939.6,9444.4,-1,106637.5,97820.41812709998,0.007122739228602687,0,0,0.0
P2201.XDCE,p2201,XDCE,连棕油2201,RBD Palm Olein 2201,2021-11-24,P,L1,9730,9520,9510,9642,9426,9534,9584,743532,70896766240,300157,-146,-196,-0.01500514,1,0,10106.0,8938.0,9978.0,8740.0,229.21065890102753,9767.6,9272.4,-1,106637.5,97820.41812709998,0.007122739228602687,0,0,0.0
P2201.XDCE,p2201,XDCE,连棕油2201,RBD Palm Olein 2201,2021-11-25,P,L1,9534,9584,9610,9764,9552,9658,9706,637649,61595878540,296187,172,124,0.0180407,1,0,10106.0,8938.0,9978.0,8740.0,228.98138318682336,9831.6,9336.4,-1,106637.5,97820.41812709998,0.007122739228602687,0,0,0.0
P2201.XDCE,p2201,XDCE,连棕油2201,RBD Palm Olein 2201,2021-11-26,P,L1,9658,9706,9648,9668,9436,9550,9468,827867,79064410980,273184,-190,-108,-0.01967281,1,0,10106.0,8938.0,9978.0,8740.0,229.14331424140536,9953.6,9458.4,-1,106637.5,97820.41812709998,0.007122739228602687,0,0,0.0
P2201.XDCE,p2201,XDCE,连棕油2201,RBD Palm Olein 2201,2021-11-29,P,L1,9550,9468,9374,9648,9270,9456,9416,875573,82806304140,268402,-134,-94,-0.01403141,1,0,10018.0,8938.0,9978.0,8740.0,212.40559169808174,9715.6,9220.4,-1,106637.5,97820.41812709998,0.007122739228602687,0,0,0.0
P2201.XDCE,p2201,XDCE,连棕油2201,RBD Palm Olein 2201,2021-11-30,P,L1,9456,9416,9416,9498,9086,9276,9146,844834,78368570980,252433,-310,-180,-0.03278342,1,0,10018.0,8938.0,9978.0,8740.0,213.09321903804633,9663.6,9168.4,-1,106637.5,97820.41812709998,0.007122739228602687,0,0,0.0
P2201.XDCE,p2201,XDCE,连棕油2201,RBD Palm Olein 2201,2021-12-01,P,L1,9276,9146,9046,9294,9002,9136,9258,674950,61672527260,256224,-18,-140,-0.00194049,1,0,10018.0,8938.0,9978.0,8740.0,219.3058138764148,9393.6,8898.4,-1,106637.5,97820.41812709998,0.007122739228602687,0,0,0.0
P2201.XDCE,p2201,XDCE,连棕油2201,RBD Palm Olein 2201,2021-12-02,P,L1,9136,9258,9258,9290,8990,9140,9102,673868,61603796960,249386,-34,4,-0.00372154,1,0,10018.0,8938.0,9978.0,8740.0,230.1771358022997,9505.6,9010.4,-1,106637.5,97820.41812709998,0.007122739228602687,0,0,0.0
P2201.XDCE,p2201,XDCE,连棕油2201,RBD Palm Olein 2201,2021-12-03,P,L1,9140,9102,9120,9494,9072,9272,9482,735819,68233697600,243744,342,132,0.03741794,1,0,10018.0,8938.0,9978.0,8740.0,239.84595055992986,9349.6,8854.4,-1,106637.5,97820.41812709998,0.007122739228602687,0,0,0.0
P2201.XDCE,p2201,XDCE,连棕油2201,RBD Palm Olein 2201,2021-12-06,P,L1,9272,9482,9492,9608,9464,9530,9482,515522,49135903160,231179,210,258,0.02264884,1,0,10018.0,8938.0,9978.0,8740.0,243.53746829088686,9729.6,9234.4,-1,106637.5,97820.41812709998,0.007122739228602687,0,0,0.0
P2201.XDCE,p2201,XDCE,连棕油2201,RBD Palm Olein 2201,2021-12-07,P,L1,9530,9482,9490,9716,9482,9586,9594,518683,49725417580,228030,64,56,0.00671563,1,0,10018.0,8938.0,9978.0,8740.0,242.606626835731,9729.6,9234.4,-1,106637.5,97820.41812709998,0.007122739228602687,0,0,0.0
P2205.XDCE,p2205,XDCE,连棕油2205,RBD Palm Olein 2205,2021-12-15,P,L4,7902,7828,7800,7862,7576,7742,7678,813776,63015766140,363327,-224,-160,-0.02834725,1,0,10018.0,7828.0,9978.0,7798.0,586.2390586152952,8266.0,7390.0,-1,106637.5,97820.41812709998,0.007122739228602687,0,0,0.0
P2205.XDCE,p2205,XDCE,连棕油2205,RBD Palm Olein 2205,2021-12-16,P,L4,7742,7678,7634,7842,7634,7742,7816,665595,51541171900,358273,74,0,0.00955825,1,0,10018.0,7678.0,9978.0,7576.0,652.2498105669396,8158.4,7197.6,-1,106637.5,97820.41812709998,0.007122739228602687,0,0,0.0
P2205.XDCE,p2205,XDCE,连棕油2205,RBD Palm Olein 2205,2021-12-17,P,L4,7742,7816,7836,8024,7796,7944,7974,697238,55396253860,350436,232,202,0.02996642,1,0,10018.0,7678.0,9978.0,7576.0,708.5697186260776,8296.4,7335.6,-1,106637.5,97820.41812709998,0.007122739228602687,0,0,0.0
P2205.XDCE,p2205,XDCE,连棕油2205,RBD Palm Olein 2205,2021-12-20,P,L4,7944,7974,7928,7970,7704,7848,7708,713256,55986017700,366223,-236,-96,-0.02970796,1,0,10018.0,7678.0,9978.0,7576.0,741.5650850630763,8454.4,7493.6,-1,106637.5,97820.41812709998,0.007122739228602687,0,0,0.0
P2205.XDCE,p2205,XDCE,连棕油2205,RBD Palm Olein 2205,2021-12-21,P,L4,7848,7708,7690,7972,7680,7844,7926,687947,53974195300,367521,78,-4,0.00993884,1,0,10018.0,7678.0,9978.0,7576.0,773.3979212639351,8188.4,7227.6,-1,106637.5,97820.41812709998,0.007122739228602687,0,0,0.0
P2205.XDCE,p2205,XDCE,连棕油2205,RBD Palm Olein 2205,2021-12-22,P,L4,7844,7926,7964,8068,7916,7994,8026,579000,46295698600,370764,182,150,0.02320245,1,0,10018.0,7678.0,9978.0,7576.0,797.9409501961852,8406.4,7445.6,-1,106637.5,97820.41812709998,0.007122739228602687,0,0,0.0
P2205.XDCE,p2205,XDCE,连棕油2205,RBD Palm Olein 2205,2021-12-23,P,L4,7994,8026,8020,8188,8016,8116,8126,767299,62287082320,366735,132,122,0.01651238,1,0,10018.0,7678.0,9978.0,7576.0,807.3388345955769,8506.4,7545.6,-1,106637.5,97820.41812709998,0.007122739228602687,0,0,0.0
P2205.XDCE,p2205,XDCE,连棕油2205,RBD Palm Olein 2205,2021-12-24,P,L4,8116,8126,8098,8390,8072,8228,8390,715756,58899220220,404271,274,112,0.03376047,1,0,10018.0,7678.0,9978.0,7576.0,806.6912172572538,8606.4,7645.6,-1,106637.5,97820.41812709998,0.007122739228602687,0,0,0.0
P2205.XDCE,p2205,XDCE,连棕油2205,RBD Palm Olein 2205,2021-12-27,P,L4,8228,8390,8390,8416,8322,8362,8350,555609,46464675460,402269,122,134,0.01482742,1,0,10018.0,7678.0,9978.0,7576.0,793.600267524762,8870.4,7909.6,-1,106637.5,97820.41812709998,0.007122739228602687,0,0,0.0
P2205.XDCE,p2205,XDCE,连棕油2205,RBD Palm Olein 2205,2021-12-28,P,L4,8362,8350,8346,8518,8314,8400,8472,712993,59905371660,404634,110,38,0.01315475,1,0,10018.0,7678.0,9706.0,7576.0,764.8295335462693,8818.0,7882.0,-1,106637.5,97820.41812709998,0.007122739228602687,0,0,0.0
P2205.XDCE,p2205,XDCE,连棕油2205,RBD Palm Olein 2205,2021-12-29,P,L4,8400,8472,8536,8552,8296,8414,8330,634816,53425343320,394576,-70,14,-0.00833333,1,0,9932.0,7678.0,9706.0,7576.0,731.361184052346,8922.8,8021.2,-1,106637.5,97820.41812709998,0.007122739228602687,0,0,0.0
P2205.XDCE,p2205,XDCE,连棕油2205,RBD Palm Olein 2205,2021-12-30,P,L4,8414,8330,8346,8512,8334,8438,8470,658193,55546255080,414030,56,24,0.00665557,1,0,9764.0,7678.0,9706.0,7576.0,697.6935011439114,8756.0,7904.0,-1,106637.5,97820.41812709998,0.007122739228602687,0,0,0.0
P2205.XDCE,p2205,XDCE,连棕油2205,RBD Palm Olein 2205,2021-12-31,P,L4,8438,8470,8440,8564,8400,8470,8550,680360,57639368320,422507,112,32,0.01327329,1,0,9764.0,7678.0,9706.0,7576.0,670.9544980559602,8896.0,8044.0,-1,106637.5,97820.41812709998,0.007122739228602687,0,0,0.0
P2205.XDCE,p2205,XDCE,连棕油2205,RBD Palm Olein 2205,2022-01-04,P,L4,8470,8550,8610,8750,8552,8660,8682,586409,50786283220,443279,212,190,0.02502952,1,0,9716.0,7678.0,9594.0,7576.0,631.6044136835982,8957.6,8142.4,-1,106637.5,97820.41812709998,0.007122739228602687,0,0,0.0
P2205.XDCE,p2205,XDCE,连棕油2205,RBD Palm Olein 2205,2022-01-05,P,L4,8660,8682,8736,8920,8694,8808,8816,676539,59602225680,448592,156,148,0.01801386,1,0,9716.0,7678.0,9594.0,7576.0,595.6181378650521,9089.6,8274.4,-1,106637.5,97820.41812709998,0.007122739228602687,0,0,0.0
P2205.XDCE,p2205,XDCE,连棕油2205,RBD Palm Olein 2205,2022-01-06,P,L4,8808,8816,8860,8912,8692,8810,8728,676666,59617367160,455440,-80,2,-0.00908265,1,0,9716.0,7678.0,9594.0,7576.0,565.3965524642392,9223.6,8408.4,-1,106637.5,97820.41812709998,0.007122739228602687,0,0,0.0
P2205.XDCE,p2205,XDCE,连棕油2205,RBD Palm Olein 2205,2022-01-07,P,L4,8810,8728,8780,8894,8744,8836,8858,620716,54857623440,463339,48,26,0.00544835,1,0,9716.0,7678.0,9594.0,7576.0,544.9400926848474,9135.6,8320.4,-1,106637.5,97820.41812709998,0.007122739228602687,0,0,0.0
P2205.XDCE,p2205,XDCE,连棕油2205,RBD Palm Olein 2205,2022-01-10,P,L4,8836,8858,8862,9014,8678,8836,8978,897496,79311985680,471940,142,0,0.01607062,1,0,9716.0,7678.0,9594.0,7576.0,532.3079039572584,9265.6,8450.4,-1,106637.5,97820.41812709998,0.007122739228602687,0,0,0.0
P2205.XDCE,p2205,XDCE,连棕油2205,RBD Palm Olein 2205,2022-01-11,P,L4,8836,8978,8906,8926,8772,8852,8924,655832,58056933020,464505,88,16,0.00995926,1,0,9716.0,7678.0,9594.0,7576.0,518.8748774623065,9385.6,8570.4,-1,106637.5,97820.41812709998,0.007122739228602687,0,0,0.0
P2205.XDCE,p2205,XDCE,连棕油2205,RBD Palm Olein 2205,2022-01-12,P,L4,8852,8924,8964,9004,8832,8916,8914,641506,57198731000,475988,62,64,0.00700407,1,0,9716.0,7678.0,9594.0,7576.0,496.7577338641353,9331.6,8516.4,-1,106637.5,97820.41812709998,0.007122739228602687,0,0,0.0
P2205.XDCE,p2205,XDCE,连棕油2205,RBD Palm Olein 2205,2022-01-13,P,L4,8916,8914,8906,9078,8904,8988,8982,708360,63677049580,476562,66,72,0.00740242,1,0,9716.0,7678.0,9594.0,7576.0,452.8184897013033,9321.6,8506.4,-1,106637.5,97820.41812709998,0.007122739228602687,0,0,0.0
P2205.XDCE,p2205,XDCE,连棕油2205,RBD Palm Olein 2205,2022-01-14,P,L4,8988,8982,9048,9092,8852,8964,9062,909247,81521879200,484602,74,-24,0.0082332,1,0,9078.0,7678.0,8982.0,7576.0,400.28912627670644,9263.2,8700.8,-1,106637.5,97820.41812709998,0.007122739228602687,0,0,0.0
P2205.XDCE,p2205,XDCE,连棕油2205,RBD Palm Olein 2205,2022-01-17,P,L4,8964,9062,9050,9072,8830,8976,9040,826021,74153431480,501164,76,12,0.00847836,1,0,9092.0,7678.0,9062.0,7576.0,418.63635771392893,9359.2,8764.8,-1,106637.5,97820.41812709998,0.007122739228602687,0,0,0.0
P2205.XDCE,p2205,XDCE,连棕油2205,RBD Palm Olein 2205,2022-01-18,P,L3,8976,9040,9060,9188,9042,9126,9166,625279,57065482260,537296,190,150,0.02116756,1,0,9092.0,7678.0,9062.0,7576.0,434.4230904756866,9337.2,8742.8,-1,106637.5,97820.41812709998,0.007122739228602687,0,0,0.0
P2205.XDCE,p2205,XDCE,连棕油2205,RBD Palm Olein 2205,2022-01-19,P,L3,9126,9166,9160,9442,9130,9294,9286,769480,71518885320,528103,160,168,0.01753233,1,0,9188.0,7678.0,9166.0,7576.0,452.70847811128056,9484.0,8848.0,-1,106637.5,97820.41812709998,0.007122739228602687,0,0,0.0
P2205.XDCE,p2205,XDCE,连棕油2205,RBD Palm Olein 2205,2022-01-20,P,L3,9294,9286,9286,9454,9280,9368,9414,569947,53401362660,517537,120,74,0.01291156,1,0,9442.0,7678.0,9286.0,7576.0,474.2310569591597,9638.8,8933.2,-1,106637.5,97820.41812709998,0.007122739228602687,0,0,0.0
P2205.XDCE,p2205,XDCE,连棕油2205,RBD Palm Olein 2205,2022-01-21,P,L3,9368,9414,9416,9548,9372,9448,9526,622262,58798890700,517617,158,80,0.01686593,1,0,9454.0,7678.0,9414.0,7576.0,489.52198976299906,9781.6,9046.4,-1,106637.5,97820.41812709998,0.007122739228602687,0,0,0.0
P2205.XDCE,p2205,XDCE,连棕油2205,RBD Palm Olein 2205,2022-01-24,P,L3,9448,9526,9606,9692,9470,9580,9470,693161,66416135080,511985,22,132,0.00232854,1,0,9548.0,7708.0,9526.0,7634.0,492.9467875791501,9904.4,9147.6,-1,106637.5,97820.41812709998,0.007122739228602687,0,0,0.0
P2205.XDCE,p2205,XDCE,连棕油2205,RBD Palm Olein 2205,2022-01-25,P,L3,9580,9470,9460,9490,9316,9406,9432,629701,59232348520,500799,-148,-174,-0.01544885,1,0,9692.0,7708.0,9526.0,7680.0,496.2911800391026,9866.8,9073.2,-1,106637.5,97820.41812709998,0.007122739228602687,0,0,0.0
P2205.XDCE,p2205,XDCE,连棕油2205,RBD Palm Olein 2205,2022-01-26,P,L3,9406,9432,9432,9594,9356,9480,9574,563544,53432493520,517134,168,74,0.01786094,1,0,9692.0,7708.0,9526.0,7680.0,493.10395845718415,9828.8,9035.2,-1,106637.5,97820.41812709998,0.007122739228602687,0,0,0.0
P2205.XDCE,p2205,XDCE,连棕油2205,RBD Palm Olein 2205,2022-01-27,P,L3,9480,9574,9600,9780,9558,9696,9752,556767,53991333440,507965,272,216,0.02869198,1,0,9692.0,7926.0,9574.0,7680.0,480.02805687231137,9952.8,9195.2,-1,106637.5,97820.41812709998,0.007122739228602687,0,0,0.0
P2205.XDCE,p2205,XDCE,连棕油2205,RBD Palm Olein 2205,2022-01-28,P,L3,9696,9752,9774,9956,9774,9858,9934,606948,59836823040,468416,238,162,0.0245462,1,0,9780.0,8026.0,9752.0,7916.0,470.91960444023437,10119.2,9384.8,-1,106637.5,97820.41812709998,0.007122739228602687,0,0,0.0
P2205.XDCE,p2205,XDCE,连棕油2205,RBD Palm Olein 2205,2022-02-07,P,L3,9858,9934,10012,10404,10012,10262,10162,568300,58322381220,468107,304,404,0.0308379,1,0,9956.0,8126.0,9934.0,8016.0,475.03038283396046,10317.6,9550.4,-1,106637.5,97820.41812709998,0.007122739228602687,0,0,0.0
P2205.XDCE,p2205,XDCE,连棕油2205,RBD Palm Olein 2205,2022-02-08,P,L3,10262,10162,10162,10232,9920,10076,9988,644260,64922046380,457093,-274,-186,-0.02670045,1,0,10404.0,8330.0,10162.0,8072.0,511.901769423058,10580.0,9744.0,-1,106637.5,97820.41812709998,0.007122739228602687,0,0,0.0
P2205.XDCE,p2205,XDCE,连棕油2205,RBD Palm Olein 2205,2022-02-09,P,L3,10076,9988,9922,9924,9706,9814,9872,667401,65503311680,433530,-204,-262,-0.02024613,1,0,10404.0,8330.0,10162.0,8296.0,525.884479856407,10402.8,9573.2,-1,106637.5,97820.41812709998,0.007122739228602687,0,0,0.0
P2205.XDCE,p2205,XDCE,连棕油2205,RBD Palm Olein 2205,2022-02-10,P,L3,9814,9872,10056,10128,9880,9980,9960,721646,72025756640,453178,146,166,0.01487671,1,0,10404.0,8330.0,10162.0,8296.0,522.6376417895898,10286.8,9457.2,-1,106637.5,97820.41812709998,0.007122739228602687,0,0,0.0
P2205.XDCE,p2205,XDCE,连棕油2205,RBD Palm Olein 2205,2022-02-11,P,L3,9980,9960,9972,10030,9788,9916,9932,840616,83362365340,462579,-48,-64,-0.00480962,1,0,10404.0,8330.0,10162.0,8296.0,524.3742175202747,10374.8,9545.2,-1,106637.5,97820.41812709998,0.007122739228602687,0,0,0.0
P2205.XDCE,p2205,XDCE,连棕油2205,RBD Palm Olein 2205,2022-02-14,P,L3,9916,9932,9998,10212,9960,10078,10086,689736,69524543600,487615,170,162,0.01714401,1,0,10404.0,8470.0,10162.0,8334.0,516.3051274347235,10318.8,9545.2,-1,106637.5,97820.41812709998,0.007122739228602687,0,0,0.0
P2205.XDCE,p2205,XDCE,连棕油2205,RBD Palm Olein 2205,2022-02-15,P,L3,10078,10086,10070,10228,9984,10096,10218,700893,70764537280,524621,140,18,0.01389165,1,0,10404.0,8550.0,10162.0,8400.0,511.54297511022287,10456.8,9715.2,-1,106637.5,97820.41812709998,0.007122739228602687,0,0,0.0
P2205.XDCE,p2205,XDCE,连棕油2205,RBD Palm Olein 2205,2022-02-16,P,L3,10096,10218,10094,10192,9890,10030,10182,865340,86809593360,519499,86,-66,0.00851823,1,0,10404.0,8682.0,10218.0,8552.0,501.90159010890767,10562.4,9873.6,-1,106637.5,97820.41812709998,0.007122739228602687,0,0,0.0
P2205.XDCE,p2205,XDCE,连棕油2205,RBD Palm Olein 2205,2022-02-17,P,L3,10030,10182,10120,10192,10006,10114,10134,798203,80743919340,509944,104,84,0.01036889,1,0,10404.0,8728.0,10218.0,8678.0,494.11852206344025,10517.2,9846.8,-1,106637.5,97820.41812709998,0.007122739228602687,0,0,0.0
P2205.XDCE,p2205,XDCE,连棕油2205,RBD Palm Olein 2205,2022-02-18,P,L3,10114,10134,10160,10456,10160,10324,10424,943428,97413961880,550898,310,210,0.03065058,1,0,10404.0,8728.0,10218.0,8678.0,493.4634145896401,10469.2,9798.8,-1,106637.5,97820.41812709998,0.007122739228602687,0,0,0.0
P2205.XDCE,p2205,XDCE,连棕油2205,RBD Palm Olein 2205,2022-02-21,P,L2,10324,10424,10364,10620,10326,10480,10530,707740,74175894040,539451,206,156,0.01995351,1,0,10456.0,8858.0,10424.0,8678.0,499.0254687503885,10773.2,10074.8,-1,106637.5,97820.41812709998,0.007122739228602687,0,0,0.0
P2205.XDCE,p2205,XDCE,连棕油2205,RBD Palm Olein 2205,2022-02-22,P,L2,10480,10530,10546,10808,10490,10674,10770,693345,74019015740,529205,290,194,0.02767176,1,0,10620.0,8914.0,10530.0,8678.0,508.9221007338865,10900.4,10159.6,-1,106637.5,97820.41812709998,0.007122739228602687,0,0,0.0
P2205.XDCE,p2205,XDCE,连棕油2205,RBD Palm Olein 2205,2022-02-23,P,L2,10674,10770,10670,11436,10552,10936,11178,1227393,134247479160,520044,504,262,0.04721754,1,0,10808.0,8914.0,10770.0,8772.0,523.9952084337672,11169.6,10370.4,-1,106637.5,97820.41812709998,0.007122739228602687,0,0,0.0
P2205.XDCE,p2205,XDCE,连棕油2205,RBD Palm Olein 2205,2022-02-24,P,L2,10936,11178,11110,11620,11110,11340,11596,1231587,139674019900,481806,660,404,0.06035113,1,0,11436.0,8914.0,11178.0,8830.0,550.2941087762582,11682.4,10673.6,-1,106637.5,97820.41812709998,0.007122739228602687,0,0,0.0
P2205.XDCE,p2205,XDCE,连棕油2205,RBD Palm Olein 2205,2022-02-25,P,L2,11340,11596,11650,11834,11192,11466,11360,1421086,162966774080,473154,20,126,0.00176367,1,0,11620.0,8982.0,11596.0,8830.0,603.5325139415665,12149.2,11042.8,-1,106637.5,97820.41812709998,0.007122739228602687,0,0,0.0
P2205.XDCE,p2205,XDCE,连棕油2205,RBD Palm Olein 2205,2022-02-28,P,L2,11466,11360,11100,11460,10866,11162,11402,1198617,133805870700,447733,-64,-304,-0.00558172,1,0,11834.0,9040.0,11596.0,8830.0,654.206126067793,11918.8,10801.2,-1,106637.5,97820.41812709998,0.007122739228602687,0,0,0.0
P2205.XDCE,p2205,XDCE,连棕油2205,RBD Palm Olein 2205,2022-03-01,P,L2,11162,11402,11396,12054,11260,11682,12022,1061216,123978967740,457527,860,520,0.07704712,1,0,11834.0,9040.0,11596.0,8830.0,663.2257395023786,11960.8,10843.2,-1,106637.5,97820.41812709998,0.007122739228602687,0,0,0.0
P2205.XDCE,p2205,XDCE,连棕油2205,RBD Palm Olein 2205,2022-03-02,P,L2,11682,12022,12220,12602,12068,12372,12340,1508462,186627572040,424789,658,690,0.05632597,1,0,12054.0,9166.0,12022.0,9042.0,701.188551400693,12618.0,11426.0,-1,106637.5,97820.41812709998,0.007122739228602687,0,0,0.0
P2205.XDCE,p2205,XDCE,连棕油2205,RBD Palm Olein 2205,2022-03-03,P,L2,12372,12340,12242,12796,12206,12524,12630,936944,117345556720,406684,258,152,0.02085354,1,0,12602.0,9286.0,12340.0,9130.0,795.7016062280298,13003.2,11676.8,-1,106637.5,97820.41812709998,0.007122739228602687,0,0,0.0
P2205.XDCE,p2205,XDCE,连棕油2205,RBD Palm Olein 2205,2022-03-04,P,L2,12524,12630,12500,12596,11536,12062,11720,1387781,167421688800,374374,-804,-462,-0.06419674,1,0,12796.0,9414.0,12630.0,9280.0,884.9195530581516,13306.4,11953.6,-1,106637.5,97820.41812709998,0.007122739228602687,0,0,0.0
P2205.XDCE,p2205,XDCE,连棕油2205,RBD Palm Olein 2205,2022-03-07,P,L2,12062,11720,11820,12378,11650,11928,11912,1063980,126922197300,363713,-150,-134,-0.01243575,1,0,12796.0,9432.0,12630.0,9316.0,917.4849636160606,12392.8,11047.2,-1,106637.5,97820.41812709998,0.007122739228602687,0,0,0.0
P2205.XDCE,p2205,XDCE,连棕油2205,RBD Palm Olein 2205,2022-03-08,P,L2,11928,11912,11856,12196,11388,11776,11966,1134306,133580382080,349484,38,-152,0.00318578,1,0,12796.0,9432.0,12630.0,9316.0,933.1208578660337,12584.8,11239.2,-1,106637.5,97820.41812709998,0.007122739228602687,0,0,0.0
P2205.XDCE,p2205,XDCE,连棕油2205,RBD Palm Olein 2205,2022-03-09,P,L2,11776,11966,11772,12718,11660,12144,12718,1008090,122423033320,345196,942,368,0.07999321,1,0,12796.0,9432.0,12630.0,9316.0,937.4338918230399,12638.8,11293.2,-1,106637.5,97820.41812709998,0.007122739228602687,0,0,0.0
P2205.XDCE,p2205,XDCE,连棕油2205,RBD Palm Olein 2205,2022-03-10,P,L2,12144,12718,12536,12596,11912,12280,12254,1217371,149500848900,343895,110,136,0.00905797,1,0,12796.0,9574.0,12718.0,9356.0,943.0295043920298,13390.4,12045.6,-1,106637.5,97820.41812709998,0.007122739228602687,0,0,0.0
P2205.XDCE,p2205,XDCE,连棕油2205,RBD Palm Olein 2205,2022-03-11,P,L2,12280,12254,12400,12750,12136,12444,12346,957568,119163110640,335197,66,164,0.00537459,1,0,12796.0,9752.0,12718.0,9558.0,948.5405956196577,12886.0,11622.0,-1,106637.5,97820.41812709998,0.007122739228602687,0,0,0.0
P2205.XDCE,p2205,XDCE,连棕油2205,RBD Palm Olein 2205,2022-03-14,P,L2,12444,12346,12236,12260,11450,11828,11450,997551,118010066400,317166,-994,-616,-0.07987785,1,0,12796.0,9872.0,12718.0,9706.0,963.4701033244544,12948.4,11743.6,-1,106637.5,97820.41812709998,0.007122739228602687,0,0,0.0
P2205.XDCE,p2205,XDCE,连棕油2205,RBD Palm Olein 2205,2022-03-15,P,L1,11828,11450,11504,11544,10980,11250,11012,825401,92869143820,321033,-816,-578,-0.06898884,1,0,12796.0,9872.0,12718.0,9706.0,947.9789157019372,12052.4,10847.6,-1,106637.5,97820.41812709998,0.007122739228602687,0,0,0.0
P2205.XDCE,p2205,XDCE,连棕油2205,RBD Palm Olein 2205,2022-03-16,P,L1,11250,11012,11060,11610,11000,11360,11418,766513,87078971180,310734,168,110,0.01493333,1,0,12796.0,9872.0,12718.0,9706.0,934.0454938681634,11614.4,10409.6,-1,106637.5,97820.41812709998,0.007122739228602687,0,0,0.0
P2205.XDCE,p2205,XDCE,连棕油2205,RBD Palm Olein 2205,2022-03-17,P,L1,11360,11418,11550,11640,10838,11222,10938,913498,102517112960,326052,-422,-138,-0.03714789,1,0,12796.0,9872.0,12718.0,9706.0,911.0270113364656,12020.4,10815.6,-1,106637.5,97820.41812709998,0.007122739228602687,0,0,0.0
P2205.XDCE,p2205,XDCE,连棕油2205,RBD Palm Olein 2205,2022-03-18,P,L1,11222,10938,11230,11390,10992,11152,11058,899250,100287444220,327467,-164,-70,-0.01461415,1,0,12796.0,9932.0,12718.0,9788.0,868.9295837629764,11524.0,10352.0,-1,106637.5,97820.41812709998,0.007122739228602687,0,0,0.0
P2205.XDCE,p2205,XDCE,连棕油2205,RBD Palm Olein 2205,2022-03-21,P,L1,11152,11058,10730,11110,10532,10798,10900,731937,79034676680,312272,-252,-354,-0.02259684,1,0,12796.0,9932.0,12718.0,9788.0,832.1749372300783,11644.0,10472.0,-1,106637.5,97820.41812709998,0.007122739228602687,0,0,0.0
P2205.XDCE,p2205,XDCE,连棕油2205,RBD Palm Olein 2205,2022-03-22,P,L1,10798,10900,10876,11278,10818,11048,11264,605751,66933052100,308385,466,250,0.04315614,1,0,12796.0,10086.0,12718.0,9890.0,792.4192713068636,11465.6,10334.4,-1,106637.5,97820.41812709998,0.007122739228602687,0,0,0.0
P2205.XDCE,p2205,XDCE,连棕油2205,RBD Palm Olein 2205,2022-03-23,P,L1,11048,11264,11264,11508,11150,11306,11482,539143,60956666740,311090,434,258,0.03928313,1,0,12796.0,10134.0,12718.0,9890.0,755.0624385796754,11829.6,10698.4,-1,106637.5,97820.41812709998,0.007122739228602687,0,0,0.0
P2205.XDCE,p2205,XDCE,连棕油2205,RBD Palm Olein 2205,2022-03-24,P,L1,11306,11482,11600,12088,11380,11732,11394,664929,78021201740,300305,88,426,0.00778348,1,0,12796.0,10134.0,12718.0,9890.0,712.2550493921794,12047.6,10916.4,-1,106637.5,97820.41812709998,0.007122739228602687,0,0,0.0
P2205.XDCE,p2205,XDCE,连棕油2205,RBD Palm Olein 2205,2022-03-25,P,L1,11732,11394,11310,11712,11268,11500,11578,554815,63812671200,293013,-154,-232,-0.01312649,1,0,12796.0,10134.0,12718.0,10006.0,660.1810101433455,11936.4,10851.6,-1,106637.5,97820.41812709998,0.007122739228602687,0,0,0.0
P2205.XDCE,p2205,XDCE,连棕油2205,RBD Palm Olein 2205,2022-03-28,P,L1,11500,11578,11600,11832,11438,11614,11580,467140,54260130540,282195,80,114,0.00695652,1,0,12796.0,10424.0,12718.0,10160.0,602.3703792901812,12089.6,11066.4,-1,106637.5,97820.41812709998,0.007122739228602687,0,0,0.0
P2205.XDCE,p2205,XDCE,连棕油2205,RBD Palm Olein 2205,2022-03-29,P,L1,11614,11580,11580,11722,11422,11560,11666,408564,47237861980,274219,52,-54,0.00447735,1,0,12796.0,10530.0,12718.0,10326.0,553.4656795697292,12058.4,11101.6,-1,106637.5,97820.41812709998,0.007122739228602687,0,0,0.0
P2205.XDCE,p2205,XDCE,连棕油2205,RBD Palm Olein 2205,2022-03-30,P,L1,11560,11666,11400,11550,11258,11420,11520,407473,46535721460,259827,-40,-140,-0.00346021,1,0,12796.0,10770.0,12718.0,10490.0,509.3808730667045,12111.6,11220.4,-1,106637.5,97820.41812709998,0.007122739228602687,0,0,0.0
P2205.XDCE,p2205,XDCE,连棕油2205,RBD Palm Olein 2205,2022-03-31,P,L1,11420,11520,11522,11618,11300,11454,11496,308246,35308457640,238102,76,34,0.00665499,1,0,12796.0,10900.0,12718.0,10532.0,476.0458219703533,11957.2,11082.8,-1,106637.5,97820.41812709998,0.007122739228602687,0,0,0.0
P2205.XDCE,p2205,XDCE,连棕油2205,RBD Palm Olein 2205,2022-04-01,P,L1,11454,11496,11410,11528,10826,11198,10922,396110,44357060320,198124,-532,-256,-0.04644666,1,0,12796.0,10900.0,12718.0,10532.0,457.09506838130125,11933.2,11058.8,-1,106637.5,97820.41812709998,0.007122739228602687,0,0,0.0
P2205.XDCE,p2205,XDCE,连棕油2205,RBD Palm Olein 2205,2022-04-06,P,L1,11198,10922,11160,11712,11086,11432,11646,194741,22263988240,175387,448,234,0.04000714,1,0,12796.0,10900.0,12718.0,10532.0,461.54638403461627,11359.2,10484.8,-1,106637.5,97820.41812709998,0.007122739228602687,0,0,0.0
P2209.XDCE,p2209,XDCE,连棕油2209,RBD Palm Olein 2209,2022-04-19,P,L4,11330,11270,11340,11532,11322,11448,11458,630094,72138915460,309957,128,118,0.01129744,1,0,12750.0,10180.0,12346.0,10070.0,553.9147171236662,11784.0,10756.0,-1,106637.5,97820.41812709998,0.007122739228602687,0,0,0.0
